,Train MAE,Test MAE,Train RMSE,Test RMSE,Train R²,Test R²
MinTemp,0.49423716863988715,0.5071425149420327,0.6247446375915222,0.6602907344467623,0.9867921605930443,0.9831523460656633
MaxTemp,0.6067093598132027,0.5463542834204766,0.8064944754778021,0.725313984664091,0.9874244513690266,0.9904366313836426
9amTemp,0.6951275744333334,0.6848881982540634,0.8921518294762085,0.8607093969452085,0.9772039204595018,0.9775354018342647
3pmTemp,0.7074377147914022,0.5746393460445728,0.9392885535980021,0.7485830075020439,0.9811570268924829,0.988563681798066
Rainfall,0.15123672479933697,0.15134537795499378,0.2537679295020275,0.298835412187083,0.9234244590754921,0.9123197439330728
